Validator,PT_VERSION,2.9.0
Validator,ROCM_VERSION,7.0.0.0-38-9428210
Validator,HIPBLASLT_VERSION,100000-976b9c4a87
Validator,GCN_ARCH_NAME,gfx942:sramecc+:xnack-
Validator,ROCBLAS_VERSION,5.0.0.976b9c4a87
GemmTunableOp_BFloat16_TN,tn_32_1024_4096_ld_4096_4096_32,Gemm_Rocblas_-621289820,0.0126388
GemmTunableOp_BFloat16_TN,tn_32_104_4096_ld_4096_4096_32,Gemm_Rocblas_-621289692,0.0199134
GemmTunableOp_BFloat16_TN,tn_32_10_4096_ld_4096_4096_32,Gemm_Rocblas_-621289598,0.00824003
GemmTunableOp_BFloat16_TN,tn_32_112_4096_ld_4096_4096_32,Gemm_Rocblas_-621289759,0.0117414
GemmTunableOp_BFloat16_TN,tn_32_120_4096_ld_4096_4096_32,Gemm_Rocblas_-621289608,0.0200281
GemmTunableOp_BFloat16_TN,tn_32_128_4096_ld_4096_4096_32,Gemm_Hipblaslt_208586,0.0112014
GemmTunableOp_BFloat16_TN,tn_32_12_4096_ld_4096_4096_32,Gemm_Rocblas_-621289644,0.0080228
GemmTunableOp_BFloat16_TN,tn_32_14_4096_ld_4096_4096_32,Gemm_Rocblas_-621289599,0.00835747
GemmTunableOp_BFloat16_TN,tn_32_160_4096_ld_4096_4096_32,Gemm_Rocblas_-621289759,0.0160348
GemmTunableOp_BFloat16_TN,tn_32_16_4096_ld_4096_4096_32,Gemm_Rocblas_-621289598,0.00807607
GemmTunableOp_BFloat16_TN,tn_32_176_4096_ld_4096_4096_32,Gemm_Rocblas_-621289702,0.0176441
GemmTunableOp_BFloat16_TN,tn_32_18_4096_ld_4096_4096_32,Gemm_Rocblas_-621289658,0.0079254
GemmTunableOp_BFloat16_TN,tn_32_192_4096_ld_4096_4096_32,Gemm_Rocblas_-621289692,0.0199601
GemmTunableOp_BFloat16_TN,tn_32_1_4096_ld_4096_4096_32,Gemm_Rocblas_-621289633,0.00743737
GemmTunableOp_BFloat16_TN,tn_32_20_4096_ld_4096_4096_32,Gemm_Rocblas_-621289658,0.0079414
GemmTunableOp_BFloat16_TN,tn_32_22_4096_ld_4096_4096_32,Gemm_Rocblas_-621289658,0.00807203
GemmTunableOp_BFloat16_TN,tn_32_24_4096_ld_4096_4096_32,Gemm_Rocblas_-621289598,0.00832667
GemmTunableOp_BFloat16_TN,tn_32_256_4096_ld_4096_4096_32,Gemm_Hipblaslt_202650,0.008904
GemmTunableOp_BFloat16_TN,tn_32_26_4096_ld_4096_4096_32,Gemm_Rocblas_-621289658,0.00792
GemmTunableOp_BFloat16_TN,tn_32_28_4096_ld_4096_4096_32,Gemm_Rocblas_-621289658,0.00809467
GemmTunableOp_BFloat16_TN,tn_32_2_4096_ld_4096_4096_32,Gemm_Rocblas_-621289633,0.00762137
GemmTunableOp_BFloat16_TN,tn_32_30_4096_ld_4096_4096_32,Gemm_Rocblas_-621289598,0.00827473
GemmTunableOp_BFloat16_TN,tn_32_320_4096_ld_4096_4096_32,Gemm_Hipblaslt_202643,0.00925877
GemmTunableOp_BFloat16_TN,tn_32_32_4096_ld_4096_4096_32,Gemm_Rocblas_-621289598,0.0082174
GemmTunableOp_BFloat16_TN,tn_32_384_4096_ld_4096_4096_32,Gemm_Hipblaslt_203795,0.00884137
GemmTunableOp_BFloat16_TN,tn_32_3_4096_ld_4096_4096_32,Gemm_Rocblas_-621289633,0.0076347
GemmTunableOp_BFloat16_TN,tn_32_40_4096_ld_4096_4096_32,Gemm_Rocblas_-621289673,0.0129441
GemmTunableOp_BFloat16_TN,tn_32_448_4096_ld_4096_4096_32,Gemm_Hipblaslt_202199,0.00937337
GemmTunableOp_BFloat16_TN,tn_32_44_4096_ld_4096_4096_32,Gemm_Rocblas_-621289745,0.0135774
GemmTunableOp_BFloat16_TN,tn_32_48_4096_ld_4096_4096_32,Gemm_Rocblas_-621289608,0.0138774
GemmTunableOp_BFloat16_TN,tn_32_4_4096_ld_4096_4096_32,Gemm_Rocblas_-621289599,0.0081374
GemmTunableOp_BFloat16_TN,tn_32_512_4096_ld_4096_4096_32,Gemm_Hipblaslt_211857,0.011296
GemmTunableOp_BFloat16_TN,tn_32_56_4096_ld_4096_4096_32,Gemm_Rocblas_-621289743,0.0146294
GemmTunableOp_BFloat16_TN,tn_32_576_4096_ld_4096_4096_32,Gemm_Hipblaslt_207826,0.0104548
GemmTunableOp_BFloat16_TN,tn_32_5_4096_ld_4096_4096_32,Gemm_Rocblas_-621289598,0.00806007
GemmTunableOp_BFloat16_TN,tn_32_640_4096_ld_4096_4096_32,Gemm_Hipblaslt_202667,0.0114613
GemmTunableOp_BFloat16_TN,tn_32_64_4096_ld_4096_4096_32,Gemm_Rocblas_-621289667,0.0140681
GemmTunableOp_BFloat16_TN,tn_32_6_4096_ld_4096_4096_32,Gemm_Rocblas_-621289598,0.0083374
GemmTunableOp_BFloat16_TN,tn_32_704_4096_ld_4096_4096_32,Gemm_Hipblaslt_202644,0.0095934
GemmTunableOp_BFloat16_TN,tn_32_72_4096_ld_4096_4096_32,Gemm_Rocblas_-621289761,0.0152775
GemmTunableOp_BFloat16_TN,tn_32_768_4096_ld_4096_4096_32,Gemm_Hipblaslt_202281,0.0117561
GemmTunableOp_BFloat16_TN,tn_32_7_4096_ld_4096_4096_32,Gemm_Rocblas_-621289598,0.00798003
GemmTunableOp_BFloat16_TN,tn_32_80_4096_ld_4096_4096_32,Gemm_Rocblas_-621289608,0.0146268
GemmTunableOp_BFloat16_TN,tn_32_832_4096_ld_4096_4096_32,Gemm_Rocblas_-621289820,0.012572
GemmTunableOp_BFloat16_TN,tn_32_88_4096_ld_4096_4096_32,Gemm_Rocblas_-621289760,0.0164428
GemmTunableOp_BFloat16_TN,tn_32_896_4096_ld_4096_4096_32,Gemm_Hipblaslt_203889,0.0139361
GemmTunableOp_BFloat16_TN,tn_32_8_4096_ld_4096_4096_32,Gemm_Rocblas_-621289633,0.00765473
GemmTunableOp_BFloat16_TN,tn_32_960_4096_ld_4096_4096_32,Gemm_Rocblas_-621289820,0.0127441
GemmTunableOp_BFloat16_TN,tn_32_96_4096_ld_4096_4096_32,Gemm_Rocblas_-621289608,0.0196255
GemmTunableOp_BFloat16_TN,tn_4096_1024_2048_ld_2048_2048_4096,Gemm_Hipblaslt_212004,0.0518857
GemmTunableOp_BFloat16_TN,tn_4096_1024_256_ld_256_256_4096,Gemm_Rocblas_-621289716,0.0126881
GemmTunableOp_BFloat16_TN,tn_4096_1024_8192_ld_8192_8192_4096,Gemm_Hipblaslt_208063,0.163194
GemmTunableOp_BFloat16_TN,tn_4096_104_2048_ld_2048_2048_4096,Gemm_Rocblas_-621290137,0.0162841
GemmTunableOp_BFloat16_TN,tn_4096_104_256_ld_256_256_4096,Gemm_Rocblas_-621289761,0.00890273
GemmTunableOp_BFloat16_TN,tn_4096_10_2048_ld_2048_2048_4096,Gemm_Rocblas_-621289661,0.00808807
GemmTunableOp_BFloat16_TN,tn_4096_10_256_ld_256_256_4096,Gemm_Rocblas_-621289639,0.00548807
GemmTunableOp_BFloat16_TN,tn_4096_112_2048_ld_2048_2048_4096,Gemm_Rocblas_-621290139,0.0163641
GemmTunableOp_BFloat16_TN,tn_4096_112_256_ld_256_256_4096,Gemm_Rocblas_-621289806,0.0101214
GemmTunableOp_BFloat16_TN,tn_4096_120_2048_ld_2048_2048_4096,Gemm_Rocblas_-621290137,0.0166654
GemmTunableOp_BFloat16_TN,tn_4096_120_256_ld_256_256_4096,Gemm_Rocblas_-621289805,0.00994673
GemmTunableOp_BFloat16_TN,tn_4096_128_2048_ld_2048_2048_4096,Gemm_Rocblas_-621290137,0.0164027
GemmTunableOp_BFloat16_TN,tn_4096_128_256_ld_256_256_4096,Gemm_Rocblas_-621289608,0.0107334
GemmTunableOp_BFloat16_TN,tn_4096_12_2048_ld_2048_2048_4096,Gemm_Rocblas_-621289635,0.00857207
GemmTunableOp_BFloat16_TN,tn_4096_12_256_ld_256_256_4096,Gemm_Rocblas_-621289639,0.00531603
GemmTunableOp_BFloat16_TN,tn_4096_14_2048_ld_2048_2048_4096,Gemm_Rocblas_-621289661,0.00811607
GemmTunableOp_BFloat16_TN,tn_4096_14_256_ld_256_256_4096,Gemm_Rocblas_-621289639,0.0054747
GemmTunableOp_BFloat16_TN,tn_4096_160_2048_ld_2048_2048_4096,Gemm_Rocblas_-621290137,0.0194468
GemmTunableOp_BFloat16_TN,tn_4096_160_256_ld_256_256_4096,Gemm_Rocblas_-621289797,0.0113001
GemmTunableOp_BFloat16_TN,tn_4096_16_2048_ld_2048_2048_4096,Gemm_Rocblas_-621289664,0.00917213
GemmTunableOp_BFloat16_TN,tn_4096_16_256_ld_256_256_4096,Gemm_Rocblas_-621289637,0.00555073
GemmTunableOp_BFloat16_TN,tn_4096_176_2048_ld_2048_2048_4096,Gemm_Rocblas_-621290137,0.0206361
GemmTunableOp_BFloat16_TN,tn_4096_176_256_ld_256_256_4096,Gemm_Rocblas_-621289830,0.0110655
GemmTunableOp_BFloat16_TN,tn_4096_18_2048_ld_2048_2048_4096,Gemm_Rocblas_-621289666,0.00913733
GemmTunableOp_BFloat16_TN,tn_4096_18_256_ld_256_256_4096,Gemm_Rocblas_-621289686,0.005756
GemmTunableOp_BFloat16_TN,tn_4096_192_2048_ld_2048_2048_4096,Gemm_Rocblas_-621290137,0.0198855
GemmTunableOp_BFloat16_TN,tn_4096_192_256_ld_256_256_4096,Gemm_Rocblas_-621289781,0.0105415
GemmTunableOp_BFloat16_TN,tn_4096_1_2048_ld_2048_2048_4096,Gemm_Rocblas_-621289637,0.00787203
GemmTunableOp_BFloat16_TN,tn_4096_1_256_ld_256_256_4096,Gemm_Rocblas_-621289635,0.00531467
GemmTunableOp_BFloat16_TN,tn_4096_20_2048_ld_2048_2048_4096,Gemm_Rocblas_-621289670,0.00909067
GemmTunableOp_BFloat16_TN,tn_4096_20_256_ld_256_256_4096,Gemm_Rocblas_-621289666,0.00584937
GemmTunableOp_BFloat16_TN,tn_4096_22_2048_ld_2048_2048_4096,Gemm_Rocblas_-621289664,0.0091415
GemmTunableOp_BFloat16_TN,tn_4096_22_256_ld_256_256_4096,Gemm_Rocblas_-621289675,0.00579473
GemmTunableOp_BFloat16_TN,tn_4096_24_2048_ld_2048_2048_4096,Gemm_Rocblas_-621289666,0.00935213
GemmTunableOp_BFloat16_TN,tn_4096_24_256_ld_256_256_4096,Gemm_Rocblas_-621289744,0.00576667
GemmTunableOp_BFloat16_TN,tn_4096_256_2048_ld_2048_2048_4096,Gemm_Hipblaslt_211928,0.0212508
GemmTunableOp_BFloat16_TN,tn_4096_256_256_ld_256_256_4096,Gemm_Rocblas_-621289825,0.00739607
GemmTunableOp_BFloat16_TN,tn_4096_256_8192_ld_8192_8192_4096,Gemm_Hipblaslt_206051,0.0495339
GemmTunableOp_BFloat16_TN,tn_4096_26_2048_ld_2048_2048_4096,Gemm_Rocblas_-621289759,0.0092521
GemmTunableOp_BFloat16_TN,tn_4096_26_256_ld_256_256_4096,Gemm_Rocblas_-621289820,0.00593333
GemmTunableOp_BFloat16_TN,tn_4096_28_2048_ld_2048_2048_4096,Gemm_Rocblas_-621289673,0.0107801
GemmTunableOp_BFloat16_TN,tn_4096_28_256_ld_256_256_4096,Gemm_Rocblas_-621289637,0.005844
GemmTunableOp_BFloat16_TN,tn_4096_2_2048_ld_2048_2048_4096,Gemm_Rocblas_-621289655,0.00839207
GemmTunableOp_BFloat16_TN,tn_4096_2_256_ld_256_256_4096,Gemm_Rocblas_-621289635,0.00546667
GemmTunableOp_BFloat16_TN,tn_4096_30_2048_ld_2048_2048_4096,Gemm_Rocblas_-621289664,0.0093
GemmTunableOp_BFloat16_TN,tn_4096_30_256_ld_256_256_4096,Gemm_Rocblas_-621289686,0.00574533
GemmTunableOp_BFloat16_TN,tn_4096_320_2048_ld_2048_2048_4096,Gemm_Rocblas_-621289819,0.0259828
GemmTunableOp_BFloat16_TN,tn_4096_320_256_ld_256_256_4096,Gemm_Rocblas_-621289959,0.00775473
GemmTunableOp_BFloat16_TN,tn_4096_320_8192_ld_8192_8192_4096,Gemm_Hipblaslt_203637,0.0697487
GemmTunableOp_BFloat16_TN,tn_4096_32_2048_ld_2048_2048_4096,Gemm_Rocblas_-621289668,0.009124
GemmTunableOp_BFloat16_TN,tn_4096_32_256_ld_256_256_4096,Gemm_Rocblas_-621289744,0.00576933
GemmTunableOp_BFloat16_TN,tn_4096_384_2048_ld_2048_2048_4096,Gemm_Rocblas_-621289797,0.0247642
GemmTunableOp_BFloat16_TN,tn_4096_384_256_ld_256_256_4096,Gemm_Rocblas_-621289766,0.0080254
GemmTunableOp_BFloat16_TN,tn_4096_384_8192_ld_8192_8192_4096,Gemm_Hipblaslt_206063,0.0767981
GemmTunableOp_BFloat16_TN,tn_4096_3_2048_ld_2048_2048_4096,Gemm_Rocblas_-621289637,0.0079387
GemmTunableOp_BFloat16_TN,tn_4096_3_256_ld_256_256_4096,Gemm_Rocblas_-621289637,0.00541737
GemmTunableOp_BFloat16_TN,tn_4096_40_2048_ld_2048_2048_4096,Gemm_Rocblas_-621289768,0.0135494
GemmTunableOp_BFloat16_TN,tn_4096_40_256_ld_256_256_4096,Gemm_Rocblas_-621289753,0.00637477
GemmTunableOp_BFloat16_TN,tn_4096_448_2048_ld_2048_2048_4096,Gemm_Rocblas_-621290145,0.0291935
GemmTunableOp_BFloat16_TN,tn_4096_448_256_ld_256_256_4096,Gemm_Rocblas_-621289824,0.00817867
GemmTunableOp_BFloat16_TN,tn_4096_448_8192_ld_8192_8192_4096,Gemm_Hipblaslt_203574,0.0877387
GemmTunableOp_BFloat16_TN,tn_4096_44_2048_ld_2048_2048_4096,Gemm_Rocblas_-621289770,0.0140468
GemmTunableOp_BFloat16_TN,tn_4096_44_256_ld_256_256_4096,Gemm_Rocblas_-621289665,0.00638807
GemmTunableOp_BFloat16_TN,tn_4096_48_2048_ld_2048_2048_4096,Gemm_Rocblas_-621289768,0.0137401
GemmTunableOp_BFloat16_TN,tn_4096_48_256_ld_256_256_4096,Gemm_Rocblas_-621289672,0.00636
GemmTunableOp_BFloat16_TN,tn_4096_4_2048_ld_2048_2048_4096,Gemm_Rocblas_-621289664,0.0087854
GemmTunableOp_BFloat16_TN,tn_4096_4_256_ld_256_256_4096,Gemm_Rocblas_-621289634,0.00545603
GemmTunableOp_BFloat16_TN,tn_4096_512_2048_ld_2048_2048_4096,Gemm_Hipblaslt_208007,0.0347882
GemmTunableOp_BFloat16_TN,tn_4096_512_256_ld_256_256_4096,Gemm_Hipblaslt_212020,0.00971073
GemmTunableOp_BFloat16_TN,tn_4096_512_8192_ld_8192_8192_4096,Gemm_Hipblaslt_203398,0.098289
GemmTunableOp_BFloat16_TN,tn_4096_56_2048_ld_2048_2048_4096,Gemm_Rocblas_-621289762,0.0118627
GemmTunableOp_BFloat16_TN,tn_4096_56_256_ld_256_256_4096,Gemm_Rocblas_-621289748,0.00655607
GemmTunableOp_BFloat16_TN,tn_4096_576_2048_ld_2048_2048_4096,Gemm_Hipblaslt_208007,0.0354807
GemmTunableOp_BFloat16_TN,tn_4096_576_256_ld_256_256_4096,Gemm_Hipblaslt_208505,0.0098947
GemmTunableOp_BFloat16_TN,tn_4096_576_8192_ld_8192_8192_4096,Gemm_Hipblaslt_206416,0.10811
GemmTunableOp_BFloat16_TN,tn_4096_5_2048_ld_2048_2048_4096,Gemm_Rocblas_-621289635,0.00818807
GemmTunableOp_BFloat16_TN,tn_4096_5_256_ld_256_256_4096,Gemm_Rocblas_-621289637,0.0054227
GemmTunableOp_BFloat16_TN,tn_4096_640_2048_ld_2048_2048_4096,Gemm_Rocblas_-621289829,0.0421043
GemmTunableOp_BFloat16_TN,tn_4096_640_256_ld_256_256_4096,Gemm_Rocblas_-621289717,0.00920003
GemmTunableOp_BFloat16_TN,tn_4096_640_8192_ld_8192_8192_4096,Gemm_Hipblaslt_212002,0.114798
GemmTunableOp_BFloat16_TN,tn_4096_64_2048_ld_2048_2048_4096,Gemm_Rocblas_-621289770,0.0136854
GemmTunableOp_BFloat16_TN,tn_4096_64_256_ld_256_256_4096,Gemm_Rocblas_-621289612,0.00725073
GemmTunableOp_BFloat16_TN,tn_4096_6_2048_ld_2048_2048_4096,Gemm_Rocblas_-621289635,0.0082654
GemmTunableOp_BFloat16_TN,tn_4096_6_256_ld_256_256_4096,Gemm_Rocblas_-621289634,0.005392
GemmTunableOp_BFloat16_TN,tn_4096_704_2048_ld_2048_2048_4096,Gemm_Rocblas_-621290095,0.0430976
GemmTunableOp_BFloat16_TN,tn_4096_704_256_ld_256_256_4096,Gemm_Hipblaslt_207422,0.0111722
GemmTunableOp_BFloat16_TN,tn_4096_704_8192_ld_8192_8192_4096,Gemm_Rocblas_-621290095,0.131627
GemmTunableOp_BFloat16_TN,tn_4096_72_2048_ld_2048_2048_4096,Gemm_Rocblas_-621290137,0.0160521
GemmTunableOp_BFloat16_TN,tn_4096_72_256_ld_256_256_4096,Gemm_Rocblas_-621289957,0.00679473
GemmTunableOp_BFloat16_TN,tn_4096_768_2048_ld_2048_2048_4096,Gemm_Rocblas_-621290095,0.0433417
GemmTunableOp_BFloat16_TN,tn_4096_768_256_ld_256_256_4096,Gemm_Rocblas_-621289963,0.00942007
GemmTunableOp_BFloat16_TN,tn_4096_768_8192_ld_8192_8192_4096,Gemm_Hipblaslt_207906,0.130135
GemmTunableOp_BFloat16_TN,tn_4096_7_2048_ld_2048_2048_4096,Gemm_Rocblas_-621289635,0.00818137
GemmTunableOp_BFloat16_TN,tn_4096_7_256_ld_256_256_4096,Gemm_Rocblas_-621289635,0.00546537
GemmTunableOp_BFloat16_TN,tn_4096_80_2048_ld_2048_2048_4096,Gemm_Rocblas_-621290137,0.0159802
GemmTunableOp_BFloat16_TN,tn_4096_80_256_ld_256_256_4096,Gemm_Rocblas_-621289612,0.0072347
GemmTunableOp_BFloat16_TN,tn_4096_832_2048_ld_2048_2048_4096,Gemm_Rocblas_-621290100,0.0451563
GemmTunableOp_BFloat16_TN,tn_4096_832_256_ld_256_256_4096,Gemm_Hipblaslt_206972,0.0113214
GemmTunableOp_BFloat16_TN,tn_4096_832_8192_ld_8192_8192_4096,Gemm_Hipblaslt_207906,0.138915
GemmTunableOp_BFloat16_TN,tn_4096_88_2048_ld_2048_2048_4096,Gemm_Rocblas_-621290137,0.0160721
GemmTunableOp_BFloat16_TN,tn_4096_88_256_ld_256_256_4096,Gemm_Rocblas_-621290137,0.00753203
GemmTunableOp_BFloat16_TN,tn_4096_896_2048_ld_2048_2048_4096,Gemm_Rocblas_-621290095,0.0447895
GemmTunableOp_BFloat16_TN,tn_4096_896_256_ld_256_256_4096,Gemm_Rocblas_-621289963,0.00979073
GemmTunableOp_BFloat16_TN,tn_4096_896_8192_ld_8192_8192_4096,Gemm_Hipblaslt_207906,0.138779
GemmTunableOp_BFloat16_TN,tn_4096_8_2048_ld_2048_2048_4096,Gemm_Rocblas_-621289661,0.00835473
GemmTunableOp_BFloat16_TN,tn_4096_8_256_ld_256_256_4096,Gemm_Rocblas_-621289635,0.00531203
GemmTunableOp_BFloat16_TN,tn_4096_960_2048_ld_2048_2048_4096,Gemm_Hipblaslt_208063,0.0523643
GemmTunableOp_BFloat16_TN,tn_4096_960_256_ld_256_256_4096,Gemm_Hipblaslt_207608,0.0124241
GemmTunableOp_BFloat16_TN,tn_4096_960_8192_ld_8192_8192_4096,Gemm_Hipblaslt_208933,0.157892
GemmTunableOp_BFloat16_TN,tn_4096_96_2048_ld_2048_2048_4096,Gemm_Rocblas_-621290137,0.0162041
GemmTunableOp_BFloat16_TN,tn_4096_96_256_ld_256_256_4096,Gemm_Rocblas_-621289691,0.0076814
GemmTunableOp_BFloat16_TN,tn_4608_1024_4096_ld_4096_4096_4608,Gemm_Hipblaslt_211985,0.094522
GemmTunableOp_BFloat16_TN,tn_4608_104_4096_ld_4096_4096_4608,Gemm_Rocblas_-621289816,0.0258455
GemmTunableOp_BFloat16_TN,tn_4608_10_4096_ld_4096_4096_4608,Gemm_Rocblas_-621289635,0.0137654
GemmTunableOp_BFloat16_TN,tn_4608_112_4096_ld_4096_4096_4608,Gemm_Rocblas_-621289816,0.0253762
GemmTunableOp_BFloat16_TN,tn_4608_120_4096_ld_4096_4096_4608,Gemm_Rocblas_-621290137,0.0261948
GemmTunableOp_BFloat16_TN,tn_4608_128_4096_ld_4096_4096_4608,Gemm_Rocblas_-621290137,0.0259962
GemmTunableOp_BFloat16_TN,tn_4608_12_4096_ld_4096_4096_4608,Gemm_Rocblas_-621289635,0.0138321
GemmTunableOp_BFloat16_TN,tn_4608_14_4096_ld_4096_4096_4608,Gemm_Rocblas_-621289657,0.0140481
GemmTunableOp_BFloat16_TN,tn_4608_160_4096_ld_4096_4096_4608,Gemm_Hipblaslt_207791,0.0305215
GemmTunableOp_BFloat16_TN,tn_4608_16_4096_ld_4096_4096_4608,Gemm_Rocblas_-621289657,0.0141107
GemmTunableOp_BFloat16_TN,tn_4608_176_4096_ld_4096_4096_4608,Gemm_Rocblas_-621290139,0.0321185
GemmTunableOp_BFloat16_TN,tn_4608_18_4096_ld_4096_4096_4608,Gemm_Rocblas_-621289668,0.0151361
GemmTunableOp_BFloat16_TN,tn_4608_192_4096_ld_4096_4096_4608,Gemm_Rocblas_-621289769,0.0309585
GemmTunableOp_BFloat16_TN,tn_4608_1_4096_ld_4096_4096_4608,Gemm_Hipblaslt_208113,0.0135254
GemmTunableOp_BFloat16_TN,tn_4608_20_4096_ld_4096_4096_4608,Gemm_Rocblas_-621289684,0.0154174
GemmTunableOp_BFloat16_TN,tn_4608_22_4096_ld_4096_4096_4608,Gemm_Rocblas_-621289744,0.0154188
GemmTunableOp_BFloat16_TN,tn_4608_24_4096_ld_4096_4096_4608,Gemm_Rocblas_-621289668,0.0155882
GemmTunableOp_BFloat16_TN,tn_4608_256_4096_ld_4096_4096_4608,Gemm_Hipblaslt_207762,0.0375563
GemmTunableOp_BFloat16_TN,tn_4608_26_4096_ld_4096_4096_4608,Gemm_Rocblas_-621289668,0.0153761
GemmTunableOp_BFloat16_TN,tn_4608_28_4096_ld_4096_4096_4608,Gemm_Rocblas_-621289664,0.0157014
GemmTunableOp_BFloat16_TN,tn_4608_2_4096_ld_4096_4096_4608,Gemm_Hipblaslt_208112,0.0133294
GemmTunableOp_BFloat16_TN,tn_4608_30_4096_ld_4096_4096_4608,Gemm_Rocblas_-621289686,0.0153828
GemmTunableOp_BFloat16_TN,tn_4608_320_4096_ld_4096_4096_4608,Gemm_Rocblas_-621289796,0.0349122
GemmTunableOp_BFloat16_TN,tn_4608_32_4096_ld_4096_4096_4608,Gemm_Rocblas_-621289686,0.0156694
GemmTunableOp_BFloat16_TN,tn_4608_384_4096_ld_4096_4096_4608,Gemm_Rocblas_-621289795,0.0439697
GemmTunableOp_BFloat16_TN,tn_4608_3_4096_ld_4096_4096_4608,Gemm_Hipblaslt_208112,0.0133307
GemmTunableOp_BFloat16_TN,tn_4608_40_4096_ld_4096_4096_4608,Gemm_Rocblas_-621289611,0.0168028
GemmTunableOp_BFloat16_TN,tn_4608_448_4096_ld_4096_4096_4608,Gemm_Hipblaslt_207766,0.0541504
GemmTunableOp_BFloat16_TN,tn_4608_44_4096_ld_4096_4096_4608,Gemm_Rocblas_-621289612,0.0172361
GemmTunableOp_BFloat16_TN,tn_4608_48_4096_ld_4096_4096_4608,Gemm_Rocblas_-621289611,0.0173495
GemmTunableOp_BFloat16_TN,tn_4608_4_4096_ld_4096_4096_4608,Gemm_Rocblas_-621289644,0.0134334
GemmTunableOp_BFloat16_TN,tn_4608_512_4096_ld_4096_4096_4608,Gemm_Rocblas_-621289804,0.0588432
GemmTunableOp_BFloat16_TN,tn_4608_56_4096_ld_4096_4096_4608,Gemm_Rocblas_-621289669,0.0176988
GemmTunableOp_BFloat16_TN,tn_4608_576_4096_ld_4096_4096_4608,Gemm_Hipblaslt_208730,0.0595844
GemmTunableOp_BFloat16_TN,tn_4608_5_4096_ld_4096_4096_4608,Gemm_Hipblaslt_208113,0.0135694
GemmTunableOp_BFloat16_TN,tn_4608_640_4096_ld_4096_4096_4608,Gemm_Hipblaslt_207906,0.0663831
GemmTunableOp_BFloat16_TN,tn_4608_64_4096_ld_4096_4096_4608,Gemm_Rocblas_-621289813,0.0167228
GemmTunableOp_BFloat16_TN,tn_4608_6_4096_ld_4096_4096_4608,Gemm_Rocblas_-621289644,0.0133708
GemmTunableOp_BFloat16_TN,tn_4608_704_4096_ld_4096_4096_4608,Gemm_Hipblaslt_211964,0.0707912
GemmTunableOp_BFloat16_TN,tn_4608_72_4096_ld_4096_4096_4608,Gemm_Rocblas_-621289611,0.0183361
GemmTunableOp_BFloat16_TN,tn_4608_768_4096_ld_4096_4096_4608,Gemm_Hipblaslt_207906,0.0698938
GemmTunableOp_BFloat16_TN,tn_4608_7_4096_ld_4096_4096_4608,Gemm_Rocblas_-621289640,0.0137948
GemmTunableOp_BFloat16_TN,tn_4608_80_4096_ld_4096_4096_4608,Gemm_Rocblas_-621289611,0.0181174
GemmTunableOp_BFloat16_TN,tn_4608_832_4096_ld_4096_4096_4608,Gemm_Hipblaslt_202288,0.083882
GemmTunableOp_BFloat16_TN,tn_4608_88_4096_ld_4096_4096_4608,Gemm_Rocblas_-621289610,0.0204827
GemmTunableOp_BFloat16_TN,tn_4608_896_4096_ld_4096_4096_4608,Gemm_Hipblaslt_207623,0.08683
GemmTunableOp_BFloat16_TN,tn_4608_8_4096_ld_4096_4096_4608,Gemm_Rocblas_-621289644,0.013556
GemmTunableOp_BFloat16_TN,tn_4608_960_4096_ld_4096_4096_4608,Gemm_Hipblaslt_202286,0.0864486
GemmTunableOp_BFloat16_TN,tn_4608_96_4096_ld_4096_4096_4608,Gemm_Rocblas_-621289610,0.0203388
GemmTunableOp_BFloat16_TN,tn_5120_1024_4096_ld_4096_4096_5120,Gemm_Rocblas_-621289896,0.103405
GemmTunableOp_BFloat16_TN,tn_5120_104_4096_ld_4096_4096_5120,Gemm_Rocblas_-621289771,0.0291589
GemmTunableOp_BFloat16_TN,tn_5120_10_4096_ld_4096_4096_5120,Gemm_Hipblaslt_208112,0.0141067
GemmTunableOp_BFloat16_TN,tn_5120_112_4096_ld_4096_4096_5120,Gemm_Rocblas_-621289765,0.0309415
GemmTunableOp_BFloat16_TN,tn_5120_120_4096_ld_4096_4096_5120,Gemm_Rocblas_-621289773,0.0301708
GemmTunableOp_BFloat16_TN,tn_5120_128_4096_ld_4096_4096_5120,Gemm_Rocblas_-621289773,0.0302508
GemmTunableOp_BFloat16_TN,tn_5120_12_4096_ld_4096_4096_5120,Gemm_Rocblas_-621289635,0.0157348
GemmTunableOp_BFloat16_TN,tn_5120_14_4096_ld_4096_4096_5120,Gemm_Rocblas_-621289657,0.0145575
GemmTunableOp_BFloat16_TN,tn_5120_160_4096_ld_4096_4096_5120,Gemm_Hipblaslt_207759,0.0353926
GemmTunableOp_BFloat16_TN,tn_5120_16_4096_ld_4096_4096_5120,Gemm_Rocblas_-621289657,0.0145107
GemmTunableOp_BFloat16_TN,tn_5120_176_4096_ld_4096_4096_5120,Gemm_Hipblaslt_207969,0.0367029
GemmTunableOp_BFloat16_TN,tn_5120_18_4096_ld_4096_4096_5120,Gemm_Rocblas_-621289673,0.0166841
GemmTunableOp_BFloat16_TN,tn_5120_192_4096_ld_4096_4096_5120,Gemm_Hipblaslt_212011,0.0375549
GemmTunableOp_BFloat16_TN,tn_5120_1_4096_ld_4096_4096_5120,Gemm_Rocblas_-621289641,0.0150814
GemmTunableOp_BFloat16_TN,tn_5120_20_4096_ld_4096_4096_5120,Gemm_Rocblas_-621289813,0.0170708
GemmTunableOp_BFloat16_TN,tn_5120_22_4096_ld_4096_4096_5120,Gemm_Rocblas_-621289686,0.0164454
GemmTunableOp_BFloat16_TN,tn_5120_24_4096_ld_4096_4096_5120,Gemm_Rocblas_-621289813,0.0169961
GemmTunableOp_BFloat16_TN,tn_5120_256_4096_ld_4096_4096_5120,Gemm_Rocblas_-621289795,0.0429079
GemmTunableOp_BFloat16_TN,tn_5120_26_4096_ld_4096_4096_5120,Gemm_Rocblas_-621289686,0.0162001
GemmTunableOp_BFloat16_TN,tn_5120_28_4096_ld_4096_4096_5120,Gemm_Rocblas_-621289686,0.0164895
GemmTunableOp_BFloat16_TN,tn_5120_2_4096_ld_4096_4096_5120,Gemm_Hipblaslt_208113,0.0141827
GemmTunableOp_BFloat16_TN,tn_5120_30_4096_ld_4096_4096_5120,Gemm_Rocblas_-621289686,0.0159828
GemmTunableOp_BFloat16_TN,tn_5120_320_4096_ld_4096_4096_5120,Gemm_Hipblaslt_211878,0.0420762
GemmTunableOp_BFloat16_TN,tn_5120_32_4096_ld_4096_4096_5120,Gemm_Rocblas_-621289686,0.0168001
GemmTunableOp_BFloat16_TN,tn_5120_384_4096_ld_4096_4096_5120,Gemm_Hipblaslt_211878,0.0498684
GemmTunableOp_BFloat16_TN,tn_5120_3_4096_ld_4096_4096_5120,Gemm_Hipblaslt_208112,0.0139614
GemmTunableOp_BFloat16_TN,tn_5120_40_4096_ld_4096_4096_5120,Gemm_Rocblas_-621289749,0.0189402
GemmTunableOp_BFloat16_TN,tn_5120_448_4096_ld_4096_4096_5120,Gemm_Rocblas_-621289803,0.0601991
GemmTunableOp_BFloat16_TN,tn_5120_44_4096_ld_4096_4096_5120,Gemm_Hipblaslt_208116,0.0193161
GemmTunableOp_BFloat16_TN,tn_5120_48_4096_ld_4096_4096_5120,Gemm_Rocblas_-621289747,0.0197521
GemmTunableOp_BFloat16_TN,tn_5120_4_4096_ld_4096_4096_5120,Gemm_Rocblas_-621289657,0.0145548
GemmTunableOp_BFloat16_TN,tn_5120_512_4096_ld_4096_4096_5120,Gemm_Rocblas_-621289804,0.0628044
GemmTunableOp_BFloat16_TN,tn_5120_56_4096_ld_4096_4096_5120,Gemm_Rocblas_-621289747,0.0200322
GemmTunableOp_BFloat16_TN,tn_5120_576_4096_ld_4096_4096_5120,Gemm_Rocblas_-621290095,0.0755751
GemmTunableOp_BFloat16_TN,tn_5120_5_4096_ld_4096_4096_5120,Gemm_Rocblas_-621289657,0.0144401
GemmTunableOp_BFloat16_TN,tn_5120_640_4096_ld_4096_4096_5120,Gemm_Hipblaslt_208745,0.0752281
GemmTunableOp_BFloat16_TN,tn_5120_64_4096_ld_4096_4096_5120,Gemm_Rocblas_-621289761,0.0196122
GemmTunableOp_BFloat16_TN,tn_5120_6_4096_ld_4096_4096_5120,Gemm_Hipblaslt_208112,0.0140374
GemmTunableOp_BFloat16_TN,tn_5120_704_4096_ld_4096_4096_5120,Gemm_Hipblaslt_208737,0.0864192
GemmTunableOp_BFloat16_TN,tn_5120_72_4096_ld_4096_4096_5120,Gemm_Hipblaslt_211929,0.0267309
GemmTunableOp_BFloat16_TN,tn_5120_768_4096_ld_4096_4096_5120,Gemm_Hipblaslt_208737,0.0862459
GemmTunableOp_BFloat16_TN,tn_5120_7_4096_ld_4096_4096_5120,Gemm_Hipblaslt_208112,0.0141854
GemmTunableOp_BFloat16_TN,tn_5120_80_4096_ld_4096_4096_5120,Gemm_Hipblaslt_205250,0.0275055
GemmTunableOp_BFloat16_TN,tn_5120_832_4096_ld_4096_4096_5120,Gemm_Hipblaslt_211985,0.0982286
GemmTunableOp_BFloat16_TN,tn_5120_88_4096_ld_4096_4096_5120,Gemm_Hipblaslt_211929,0.0264455
GemmTunableOp_BFloat16_TN,tn_5120_896_4096_ld_4096_4096_5120,Gemm_Rocblas_-621289989,0.100038
GemmTunableOp_BFloat16_TN,tn_5120_8_4096_ld_4096_4096_5120,Gemm_Hipblaslt_208113,0.0143588
GemmTunableOp_BFloat16_TN,tn_5120_960_4096_ld_4096_4096_5120,Gemm_Hipblaslt_211985,0.100822
GemmTunableOp_BFloat16_TN,tn_5120_96_4096_ld_4096_4096_5120,Gemm_Hipblaslt_211929,0.0272534
GemmTunableOp_BFloat16_TN,tn_512_1024_4096_ld_4096_4096_512,Gemm_Hipblaslt_207967,0.0237775
GemmTunableOp_BFloat16_TN,tn_512_104_4096_ld_4096_4096_512,Gemm_Rocblas_-621289609,0.0134188
GemmTunableOp_BFloat16_TN,tn_512_10_4096_ld_4096_4096_512,Gemm_Rocblas_-621289599,0.0081014
GemmTunableOp_BFloat16_TN,tn_512_112_4096_ld_4096_4096_512,Gemm_Rocblas_-621289609,0.0132601
GemmTunableOp_BFloat16_TN,tn_512_120_4096_ld_4096_4096_512,Gemm_Rocblas_-621289609,0.0138614
GemmTunableOp_BFloat16_TN,tn_512_128_4096_ld_4096_4096_512,Gemm_Rocblas_-621289609,0.0134548
GemmTunableOp_BFloat16_TN,tn_512_12_4096_ld_4096_4096_512,Gemm_Rocblas_-621289599,0.0081721
GemmTunableOp_BFloat16_TN,tn_512_14_4096_ld_4096_4096_512,Gemm_Rocblas_-621289598,0.0081441
GemmTunableOp_BFloat16_TN,tn_512_160_4096_ld_4096_4096_512,Gemm_Rocblas_-621289760,0.0135908
GemmTunableOp_BFloat16_TN,tn_512_16_4096_ld_4096_4096_512,Gemm_Rocblas_-621289598,0.008088
GemmTunableOp_BFloat16_TN,tn_512_176_4096_ld_4096_4096_512,Gemm_Rocblas_-621289759,0.0139507
GemmTunableOp_BFloat16_TN,tn_512_18_4096_ld_4096_4096_512,Gemm_Rocblas_-621289599,0.00821603
GemmTunableOp_BFloat16_TN,tn_512_192_4096_ld_4096_4096_512,Gemm_Rocblas_-621289760,0.0137441
GemmTunableOp_BFloat16_TN,tn_512_1_4096_ld_4096_4096_512,Gemm_Rocblas_-621289658,0.0078948
GemmTunableOp_BFloat16_TN,tn_512_20_4096_ld_4096_4096_512,Gemm_Rocblas_-621289658,0.00805733
GemmTunableOp_BFloat16_TN,tn_512_22_4096_ld_4096_4096_512,Gemm_Rocblas_-621289598,0.00822007
GemmTunableOp_BFloat16_TN,tn_512_24_4096_ld_4096_4096_512,Gemm_Rocblas_-621289598,0.00814
GemmTunableOp_BFloat16_TN,tn_512_256_4096_ld_4096_4096_512,Gemm_Rocblas_-621289759,0.0123988
GemmTunableOp_BFloat16_TN,tn_512_26_4096_ld_4096_4096_512,Gemm_Rocblas_-621289658,0.00804133
GemmTunableOp_BFloat16_TN,tn_512_28_4096_ld_4096_4096_512,Gemm_Rocblas_-621289658,0.00812947
GemmTunableOp_BFloat16_TN,tn_512_2_4096_ld_4096_4096_512,Gemm_Rocblas_-621289632,0.00790813
GemmTunableOp_BFloat16_TN,tn_512_30_4096_ld_4096_4096_512,Gemm_Rocblas_-621289658,0.00814277
GemmTunableOp_BFloat16_TN,tn_512_320_4096_ld_4096_4096_512,Gemm_Rocblas_-621289760,0.0135641
GemmTunableOp_BFloat16_TN,tn_512_32_4096_ld_4096_4096_512,Gemm_Rocblas_-621289598,0.00841737
GemmTunableOp_BFloat16_TN,tn_512_384_4096_ld_4096_4096_512,Gemm_Rocblas_-621289760,0.0137348
GemmTunableOp_BFloat16_TN,tn_512_3_4096_ld_4096_4096_512,Gemm_Rocblas_-621289658,0.00785347
GemmTunableOp_BFloat16_TN,tn_512_40_4096_ld_4096_4096_512,Gemm_Rocblas_-621289743,0.00992937
GemmTunableOp_BFloat16_TN,tn_512_448_4096_ld_4096_4096_512,Gemm_Rocblas_-621289820,0.0152188
GemmTunableOp_BFloat16_TN,tn_512_44_4096_ld_4096_4096_512,Gemm_Rocblas_-621289609,0.00984673
GemmTunableOp_BFloat16_TN,tn_512_48_4096_ld_4096_4096_512,Gemm_Rocblas_-621289609,0.00996007
GemmTunableOp_BFloat16_TN,tn_512_4_4096_ld_4096_4096_512,Gemm_Rocblas_-621289658,0.007984
GemmTunableOp_BFloat16_TN,tn_512_512_4096_ld_4096_4096_512,Gemm_Hipblaslt_208944,0.0181295
GemmTunableOp_BFloat16_TN,tn_512_56_4096_ld_4096_4096_512,Gemm_Rocblas_-621289609,0.010016
GemmTunableOp_BFloat16_TN,tn_512_576_4096_ld_4096_4096_512,Gemm_Hipblaslt_207870,0.0188802
GemmTunableOp_BFloat16_TN,tn_512_5_4096_ld_4096_4096_512,Gemm_Rocblas_-621289632,0.00794547
GemmTunableOp_BFloat16_TN,tn_512_640_4096_ld_4096_4096_512,Gemm_Hipblaslt_207871,0.0182988
GemmTunableOp_BFloat16_TN,tn_512_64_4096_ld_4096_4096_512,Gemm_Rocblas_-621289609,0.0100454
GemmTunableOp_BFloat16_TN,tn_512_6_4096_ld_4096_4096_512,Gemm_Rocblas_-621289658,0.00792533
GemmTunableOp_BFloat16_TN,tn_512_704_4096_ld_4096_4096_512,Gemm_Hipblaslt_207874,0.0199775
GemmTunableOp_BFloat16_TN,tn_512_72_4096_ld_4096_4096_512,Gemm_Rocblas_-621289609,0.0113321
GemmTunableOp_BFloat16_TN,tn_512_768_4096_ld_4096_4096_512,Gemm_Hipblaslt_207966,0.0208082
GemmTunableOp_BFloat16_TN,tn_512_7_4096_ld_4096_4096_512,Gemm_Rocblas_-621289658,0.00791877
GemmTunableOp_BFloat16_TN,tn_512_80_4096_ld_4096_4096_512,Gemm_Rocblas_-621289609,0.0114988
GemmTunableOp_BFloat16_TN,tn_512_832_4096_ld_4096_4096_512,Gemm_Hipblaslt_207874,0.0213067
GemmTunableOp_BFloat16_TN,tn_512_88_4096_ld_4096_4096_512,Gemm_Rocblas_-621289609,0.0115774
GemmTunableOp_BFloat16_TN,tn_512_896_4096_ld_4096_4096_512,Gemm_Hipblaslt_208089,0.0219576
GemmTunableOp_BFloat16_TN,tn_512_8_4096_ld_4096_4096_512,Gemm_Rocblas_-621289633,0.00800937
GemmTunableOp_BFloat16_TN,tn_512_960_4096_ld_4096_4096_512,Gemm_Hipblaslt_208021,0.0230125
GemmTunableOp_BFloat16_TN,tn_512_96_4096_ld_4096_4096_512,Gemm_Rocblas_-621289609,0.0135161
GemmTunableOp_BFloat16_TN,tn_62080_1024_4096_ld_4096_4096_62080,Gemm_Hipblaslt_202403,1.18494
GemmTunableOp_BFloat16_TN,tn_62080_104_4096_ld_4096_4096_62080,Gemm_Hipblaslt_206990,0.227486
GemmTunableOp_BFloat16_TN,tn_62080_10_4096_ld_4096_4096_62080,Gemm_Rocblas_-621289657,0.157242
GemmTunableOp_BFloat16_TN,tn_62080_112_4096_ld_4096_4096_62080,Gemm_Hipblaslt_206990,0.234602
GemmTunableOp_BFloat16_TN,tn_62080_120_4096_ld_4096_4096_62080,Gemm_Hipblaslt_206991,0.22888
GemmTunableOp_BFloat16_TN,tn_62080_128_4096_ld_4096_4096_62080,Gemm_Hipblaslt_208309,0.231346
GemmTunableOp_BFloat16_TN,tn_62080_12_4096_ld_4096_4096_62080,Gemm_Rocblas_-621289657,0.158342
GemmTunableOp_BFloat16_TN,tn_62080_14_4096_ld_4096_4096_62080,Gemm_Rocblas_-621289657,0.158297
GemmTunableOp_BFloat16_TN,tn_62080_160_4096_ld_4096_4096_62080,Gemm_Hipblaslt_207140,0.282514
GemmTunableOp_BFloat16_TN,tn_62080_16_4096_ld_4096_4096_62080,Gemm_Rocblas_-621289657,0.159272
GemmTunableOp_BFloat16_TN,tn_62080_176_4096_ld_4096_4096_62080,Gemm_Hipblaslt_207099,0.305785
GemmTunableOp_BFloat16_TN,tn_62080_18_4096_ld_4096_4096_62080,Gemm_Hipblaslt_208208,0.167996
GemmTunableOp_BFloat16_TN,tn_62080_192_4096_ld_4096_4096_62080,Gemm_Hipblaslt_207099,0.298658
GemmTunableOp_BFloat16_TN,tn_62080_1_4096_ld_4096_4096_62080,Gemm_Rocblas_-621289657,0.14091
GemmTunableOp_BFloat16_TN,tn_62080_20_4096_ld_4096_4096_62080,Gemm_Rocblas_-621289683,0.167284
GemmTunableOp_BFloat16_TN,tn_62080_22_4096_ld_4096_4096_62080,Gemm_Rocblas_-621289683,0.167276
GemmTunableOp_BFloat16_TN,tn_62080_24_4096_ld_4096_4096_62080,Gemm_Hipblaslt_204635,0.171436
GemmTunableOp_BFloat16_TN,tn_62080_256_4096_ld_4096_4096_62080,Gemm_Rocblas_-621290133,0.310736
GemmTunableOp_BFloat16_TN,tn_62080_26_4096_ld_4096_4096_62080,Gemm_Rocblas_-621289683,0.16952
GemmTunableOp_BFloat16_TN,tn_62080_28_4096_ld_4096_4096_62080,Gemm_Rocblas_-621289683,0.170303
GemmTunableOp_BFloat16_TN,tn_62080_2_4096_ld_4096_4096_62080,Gemm_Rocblas_-621289657,0.15597
GemmTunableOp_BFloat16_TN,tn_62080_30_4096_ld_4096_4096_62080,Gemm_Hipblaslt_208208,0.170128
GemmTunableOp_BFloat16_TN,tn_62080_320_4096_ld_4096_4096_62080,Gemm_Hipblaslt_211961,0.443146
GemmTunableOp_BFloat16_TN,tn_62080_32_4096_ld_4096_4096_62080,Gemm_Hipblaslt_208208,0.168563
GemmTunableOp_BFloat16_TN,tn_62080_384_4096_ld_4096_4096_62080,Gemm_Hipblaslt_207911,0.513538
GemmTunableOp_BFloat16_TN,tn_62080_3_4096_ld_4096_4096_62080,Gemm_Rocblas_-621289657,0.153478
GemmTunableOp_BFloat16_TN,tn_62080_40_4096_ld_4096_4096_62080,Gemm_Rocblas_-621289793,0.184451
GemmTunableOp_BFloat16_TN,tn_62080_448_4096_ld_4096_4096_62080,Gemm_Rocblas_-621290064,0.488794
GemmTunableOp_BFloat16_TN,tn_62080_44_4096_ld_4096_4096_62080,Gemm_Rocblas_-621289793,0.186824
GemmTunableOp_BFloat16_TN,tn_62080_48_4096_ld_4096_4096_62080,Gemm_Hipblaslt_207853,0.177784
GemmTunableOp_BFloat16_TN,tn_62080_4_4096_ld_4096_4096_62080,Gemm_Rocblas_-621289657,0.154329
GemmTunableOp_BFloat16_TN,tn_62080_512_4096_ld_4096_4096_62080,Gemm_Rocblas_-621290126,0.616243
GemmTunableOp_BFloat16_TN,tn_62080_56_4096_ld_4096_4096_62080,Gemm_Rocblas_-621289793,0.192803
GemmTunableOp_BFloat16_TN,tn_62080_576_4096_ld_4096_4096_62080,Gemm_Hipblaslt_212019,0.698288
GemmTunableOp_BFloat16_TN,tn_62080_5_4096_ld_4096_4096_62080,Gemm_Rocblas_-621289657,0.155193
GemmTunableOp_BFloat16_TN,tn_62080_640_4096_ld_4096_4096_62080,Gemm_Hipblaslt_212019,0.730474
GemmTunableOp_BFloat16_TN,tn_62080_64_4096_ld_4096_4096_62080,Gemm_Hipblaslt_208668,0.190909
GemmTunableOp_BFloat16_TN,tn_62080_6_4096_ld_4096_4096_62080,Gemm_Rocblas_-621289657,0.154576
GemmTunableOp_BFloat16_TN,tn_62080_704_4096_ld_4096_4096_62080,Gemm_Rocblas_-621290156,0.929468
GemmTunableOp_BFloat16_TN,tn_62080_72_4096_ld_4096_4096_62080,Gemm_Hipblaslt_208821,0.211759
GemmTunableOp_BFloat16_TN,tn_62080_768_4096_ld_4096_4096_62080,Gemm_Rocblas_-621290156,0.931964
GemmTunableOp_BFloat16_TN,tn_62080_7_4096_ld_4096_4096_62080,Gemm_Rocblas_-621289657,0.153453
GemmTunableOp_BFloat16_TN,tn_62080_80_4096_ld_4096_4096_62080,Gemm_Hipblaslt_207006,0.212412
GemmTunableOp_BFloat16_TN,tn_62080_832_4096_ld_4096_4096_62080,Gemm_Hipblaslt_211988,1.04015
GemmTunableOp_BFloat16_TN,tn_62080_88_4096_ld_4096_4096_62080,Gemm_Hipblaslt_202779,0.205008
GemmTunableOp_BFloat16_TN,tn_62080_896_4096_ld_4096_4096_62080,Gemm_Hipblaslt_203367,1.0643
GemmTunableOp_BFloat16_TN,tn_62080_8_4096_ld_4096_4096_62080,Gemm_Rocblas_-621289657,0.156198
GemmTunableOp_BFloat16_TN,tn_62080_960_4096_ld_4096_4096_62080,Gemm_Hipblaslt_202359,1.16743
GemmTunableOp_BFloat16_TN,tn_62080_96_4096_ld_4096_4096_62080,Gemm_Hipblaslt_207006,0.212303
